geocode.location.lat,geocode.location.lng,user_name
50.9317218,7.021579999999999,ErinPattisonn
33.0534611,-90.38120040000001,TrizZyLaCreator
40.7605367,-73.9788903,articlefield
53.3498053,-6.2603097,aland1888
33.5967091,-83.86049299999999,AmeliaSparksx3
37.09024,-95.712891,sunnyskystar
20.593684,78.96288,Carmichael99
34.1446366,-118.3904629,kooleyCobain
34.0983983,-118.2151802,lkshw06
34.8051964,-87.67206569999999,raeshernell
56.130366,-106.346771,amberdiamond29
33.609725,-84.2873662,iBeRawinHoes
-0.8891728,100.4002663,Alifahgoogoo
6.0355039,116.129378,szeeyinggs
33.8365932,-117.9143012,Jawaadee
40.4539828,-75.81797639999999,gavinvz
-7.442521999999999,112.629152,BernardTofan
32.7766642,-96.79698789999999,ChicModern
10.2138892,-83.58693989999999,SassNSauce
35.1495343,-90.0489801,MizzShay76
39.9525839,-75.1652215,Jeannewhipple
40.7127753,-74.0059728,kbrexel
45.5016889,-73.567256,Tittypc
44.0581728,-121.3153096,KelseyWattsKTVZ
-19.2589635,146.8169483,kalaniLOVExo
36.778261,-119.4179324,GabbyyLovee
52.52000659999999,13.404954,poy
-6.4024844,106.7942405,innekerachma
-0.789275,113.921327,AtikaHanum
41.1183561,-112.0261574,annisaDillaa
36.147247,-115.1560309,marlenealexis
25.790654,-80.1300455,ShadBrody
-0.789275,113.921327,sukelin
37.5629917,-122.3255254,crispylettuce
41.9270367,-73.9973608,WindingViolets
39.0457549,-76.64127119999999,NiaBhatti94
30.4413843,-91.2166022,gotDAMNgirl
38.6265124,-76.9105483,BillKOSby
54.77525,-1.584852,RiseAgainstCal
45.608014,-89.410885,DeAnteCMan28
54.5259614,15.2551187,soweightless
34.6059253,-86.9833417,moviepastor
42.331427,-83.0457538,realmudmonster
39.5465141,-111.4553976,fitabrigita
43.0389025,-87.9064736,DrewOlsonMKE
34.2331373,-102.4107493,GrainneGibney
47.7236535,-122.4713352,scottyabrown
33.4483771,-112.0740373,awilsong
41.88962,-87.6705296,beccasweeneyy
38.083403,-122.7633036,NickieNoel
39.9364655,-81.68305459999999,RealDubbDugan
39.5214373,-85.7769238,BrightsideAli
29.6525551,-82.3252863,TheGuiceShow
51.735027,-4.676412,LLevatedROLLIE
38.67849500000001,-121.318358,KolithaBee
46.818188,8.227511999999999,NickMotown
51.5073509,-0.1277583,tdward
39.9555632,-112.1147406,Jonnjnrr
34.0522342,-118.2436849,SomeAudioGuy
34.8074555,-87.6811676,Sherrismith519
39.7628227,-86.3997167,andrewkunz
55.9543811,-3.1166093,Da106nParkTwinz
34.1140497,-83.9811014,IceBurgandyBSM
